KEY,Korean,English,Myanmar,Thailand,India
T_LOGIN,로그인,Log in,အကောင့်၀င်ရန်,เข้าสู่ระบบ,
T_LOGOUT,로그아웃,Log out,လော့အောက်,,
T_LOGIN_FB,페이스북,Facebook,Facebook,,
T_SIGNUPTITLE,회원가입 제목,New Account Sign Up,အကောင့်သစ်ဝင်ရန်,,
T_SIGNUP,회원가입,Sign up,မှတ်ပုံတင်ရန်,สมัครสมาชิก,
T_ACCOUNT,계정,Account,အကောင့်,บัญชี,
T_SIGNUPACCOUNT,계정 회원가입,Sign up Account,အကောင့်သစ်လုပ်ရန်,,
T_SIGNUP_ID,계정은 6 - 12자리로 입력해 주세요<br>영문 또는 숫자만 입력할 수 있습니다,,,บัญชีที่ใช้จะต้องมีอย่างน้อย 6-12 ตัวอักษร <br>ใช้ได้เฉพาะตัวอักษรภาษาอังกฤษหรือตัวเลขเท่านั้น,
T_SIGNUP_PW,"비번은 6 - 12자리로 입력해 주세요<br>영문,  숫자, 특수문자만 입력할 수 있습니다",,,"รหัสผ่านจะต้องมีอย่างน้อย 6-12 ตัวอักษร<br>ใช้ได้เฉพาะตัวอักษรภาษาอังกฤษ,ตัวเลข,อักษรพิเศษเท่านั้น",
T_SIGHUP_EMAIL,비번 찾기에 이용되오니 알맞는 이메일을 입력해 주세요.,,,กรุณากรอกอีเมล์ให้ถูกต้อง เพื่อใช้ในการค้นหารหัสผ่านของคุณ,
T_FINDPW_WARNING,계정과 가입할 때 입력한 이메일을 정확히 입력해 주세요.<br>새 비번은 입력한 이메일로 보내줍니다.,,,กรุณากรอกชื่อบัญชีและอีเมล์ที่สมัครไว้<br>รหัสผ่านใหม่จะถูกส่งไปทางอีเมล์ของคุณค่ะ,
T_PASSWORD,비밀번호,Password,လျှို့ဝှတ်နံပါတ်,รหัสผ่าน,
T_FINDPASSWORD,비밀번호 찾기,Reset Password,လှို့ဝှက်နံပါတ် ပြန်ရှာရန်,ค้นหารหัสผ่าน,
T_CHANGEPASSWORD,비밀번호 바꾸기,Change Password,လှို့ဝှက်နံပါတ် ပြောင်းရန်,รหัสผ่านใหม่,
T_EMAIL,이메일 주소,E-mail,အီးမေးလ်,อีเมล์,
T_CONFIRMPASSWORD,비밀번호 확인,Confirm\nNew Password,လှို့ဝှက်နံပါတ် အသစ် ထပ်မံရိုက်ထည့်ပေးပါ။,ยืนยันรหัสผ่าน,
T_RECONNECT,다시 접속,Reconnect,ပြန်လည်ချိတ်ဆက်နေပါတယ်,,
T_LOGINFAILED,로그인 실패,Login Failed,အကောင့် ဝင်မရပါ။,การเข้าสู่ระบบล้มเหลว,
T_TRYAGAIN,재시도,Try again,နောက်တစ်ကြိမ် ပြန်ဝင်ပါ။,,
T_SOUNDPOPUPTITLE,소리 설정,Sound Settings,အသံစနစ်,,
T_USERINFOTITLE,알림,Notice,အသိပေးခြင်း,แจ้งเตือน,
T_GAMESOUND,효과음,Sound Effects,အက်ပ်အသံ,เสียงเกม,Efek Suara
T_GAMEVOICE,보이스,Voice,စကားသံ,เสียงพากย์,Suara
T_DIS_TITLE,알림,Disconnect,အသိပေးခြင်း,ตัดการเชื่อมต่อ,Koneksi terputus.
T_DIS_MESSAGE,서버에 연결할 수 없습니다. 다시 시도해 주세요,Server connection failed. Please try again.,ဆာဗာ ဖွင့်လို့မရပါဘူး။ နောက်တစ်ကြိမ်ပြန်ဝင်ပါ။,ไม่สามารถเชื่อมต่อเซิฟเวอร์ได้<br>กรุณาลองใหม่อีกครั้งค่ะ,Koneksi dengan server terputus. Silahkan hubungkan kembali.
T_GUIDECHECKBOX,다시 보지 않기,Don't show again,နောက်တခါမကြည့်ပါ,,Jangan tampilkan lagi
T_SITE_VACATE_TITLE,대기 중,,စောင့်ဆိုင်းနေသည်,ประกาศ,
T_SITE_VACATE_MSG,오랜 대기 상태로 인해 오토 모드가 시작됩니다. 오토모드를 계속 사용하시겠습니까?,,စောင့်ဆိုင်းချိန်ကြာသွားတဲ့အတွက် အော်တို စနစ် စတင်ပါပြီ။ အော်တိုစနစ် ကို အသုံးပြုမှာလား?,,
T_SITE_VACATE_YES,예 (동의),yes,Yes,,
T_SITE_VACATE_NO,아니요,no,No,,
T_OK,확인,OK,OK,ยืนยัน,YA
T_YES,예,YES,Yes,ใช่,YA
T_NO,아니요,NO,No,ไม่ใช่,TIDAK
T_NICKNAME,닉네임,Nickname,Nickname,ชื่อเล่น,
T_MAN,남,Male,ကျား,เสียงผู้ชาย,
T_WOMAN,여,Female,မ,เสียงผู้หญิง,
T_TITLE_3G_PHOTO_DOWNLOAD,데이터 이용 사진 다운로드,Download photo on 3G,ဒေတာအသုံးပြုနည်းလမ်းညွန်,ใช้ข้อมูลดาวน์โหลดภาพ,
T_VERSION,버젼,Version,Version,เวอร์ชั่น,
T_RECEIVE_MESSAGE,메시지,Message,မက်ဆေ့,ข้อความที่ได้รับ,
T_RECEIVE_INVITEFRIEND,친구 신청,Friend Reque,သူငယ်ချင်းဖွဲ့မယ်,,
T_RECEIVE_PUSH,푸시 알림,Push Notifications,အသိပေးခြင်း,แจ้งเตือน,
T_FULLSCREEN,전체화면,,,เต็มจอ,
T_ASSETDOWNLOAD_TITLE,게임 다운로드 (게임 어셋 다운 팝업 타이틀),Game Download,Game Download,มีเวอร์ชั่นใหม่ค่ะ!,
T_CUSTOMER_CENTER,홈 페이지,Customer Service Center,FB fanpage,ศูนย์ให้บริการ,
T_CUSTOMER_CENTER2,팬 페이지,Official Fanpage,FB fanpage,,
T_ON,켜기,ON,ဖွင့်,เปิด,
T_OFF,끄기,OFF,ပိတ်,ปิด,
T_OTHER_GAMES,다른 게임,Other Games,တခြားဂိမ်း,เกมอื่นๆ,
T_NEW_PASSWORD,새로운 비밀번호,New Password,လှို့ဝှက်နံပါတ် အသစ်,รหัสผ่านใหม่,
T_SAFE_REMAIN_COUNT,입금 가능 횟수,Count,ဒီနေ့ရနိင်သည့် အကြိမ်,จำนวนที่ฝากเงิน,
T_SAFE_TITLE,금고,Safe Box,မီးခံသေတ္တာ,โกลด์ในตู้เซฟ,
T_SAFE_INFO,정보,Information,အချက်အလက်,,
T_MY_GOLD,보유 골드,Playing Gold,ကိုယ်ပိုင် Gold,โกลด์ของฉัน,
T_SAFE_SAFE_MONEY,금고 보유 골드,Depository Gold,မီးခံသေတ္တာရှိ Gold,โกลด์ในตู้เซฟ,
T_DATE,날짜,Day,နေ့စွဲ,วันที่,
T_DEPOSIT,입금,Deposit,ထည့်ငွေ,เงินฝาก,
T_WITHDRAWAL,출금,Withdraw,ထုတ်ငွေ,เงินถอน,
T_BALANCE,잔금,Gold remaining,လက်ကျန်,ยอดคงเหลือ,
T_DEPOSITALL,모두 입금,Deposit All,အကုန်ထည့်မယ်,,
T_WITHDRAWALALL,모두 출금,Full Withdraw,အကုန်ထုတ်မယ်,,
T_GIFTBOX,선물 박스,Gift Box,လက်ဆောင်ပုံး,กล่องของขวัญทองคำ,
T_SEND_GOLD,보낼 골드,Gift Amount,ငွေပို့မယ်,ส่งโกลด์,
T_DOMINO,도미노,Gamename5,Domino,,
T_TIENLEN1VS1,빅투,Gamename6,Big2,,
T_PLUSGOLD,누적된 최고 획득 골드,Best,Best,,
T_NOHISTORYGOLD,아직 기록이 없습니다,,,ยังไม่มีประวัติค่ะ,
T_BESTCARD,최고 달성 카드,The best card of this month,The best card of this month,ไพ่ดีที่สุดของเดือนนี้,
T_BESTGOLD,최고 획득 골드,Today,Today,โกลด์ที่ได้รับมากที่สุด,
T_SET_SAFEBOX_PASSWORD,금고 비밀번호,Safe Box Password,မီးခံသေတ္တာ ပက်စ်၀က်,รหัสผ่านตู้เซฟ,
T_MESSAGE,메시지,Message,မက်ဆေ့,ข้อความ,
T_FIND_TITLE,플레이어 찾기,Search Player,ကစားသမား ရှာရန်,ค้นหา,
T_FIND,찾기,Find,ရှာရန်,,
T_PLAYER,유저,Players,ပလေယာ,ผู้เล่น,
T_OPTION,옵션,Setting,ဆက်တင်,ตั้งค่า,
T_OPTION_NOTICE,이벤트 알림,Event,Event,,
T_OPTION_GAME,게임,Game,ဂိမ်း,,
T_OPTION_INFO,정보,Information,အချက်အလက်,,
T_OPTION_QA,문의,Q / A,Q / A,,
T_ANTI,엔티,Anti,စထိုးငွေ,เดิมพัน,
T_TITLE_MAMEROOM,방 만들기,Create Room,အခန်းထောင်ရန်,สร้างห้อง,
T_WIN,승리,Win,နိုင်,ชนะ,
T_LOSE,패,Lose,ရှုံး,แพ้,
T_MONTH,월,Month,,ชนะเดือนนี้,
T_BEST,베스트,Best,,ชนะมากที่สุด,
T_TITLE_APP_REVIEW,리뷰,Review,ထင်မြင်ချက်,การรีวิว,
T_SOUND,사운드 (배경음),Sound (BGM),တီးလုံး,เสียงดนตรี,
T_SHOP,상점,Shop,စတိုး,,
T_RETRY,4,Try again,ရရှိတဲ့ Gold,รีเฟรช,
T_INAPP,인앱,Appstore,Appstore,,
T_PURCHASE,결제,Buy Cash,Cash ဝယ်မယ်,,
T_PURCHASE_GOLD,골드 충전,Charge Gold,Gold ၀ယ်မယ်,,
T_SUCCESSPURCHASE,알림,Notice,အသိပေးခြင်း,,
T_SEND,보내기,Send,ပို့မည်,ส่ง,Kirim
T_CANCEL,취소,Cancel,ပယ်ဖျက်မယ်,,
T_QUEST_DAY,일일 퀘스트,Daily,DAY,วัน,
T_QUEST_5TH,5일 퀘스트,Daily-5,DAY-5,5ครั้ง,
T_QUEST_25TH,25일 퀘스트,Daily-25,DAY-25,25ครั้ง,
T_QUEST_SPECIAL,특별한,Special,စပါယ်ရှယ်,พิเศษ,
T_SAVEMONEY_TITLE,적립금,Gold Savings Box,စုငွေ,ยอดสะสม,
T_SAVEMONEY_MSG1,게임을 하시면 자동으로 적립금이 모입니다,"When you play game, it will be accumulated itself",ဂိမ်းကစားမယ်ဆိုရင် စုငွေ အော်တိုစုပါတယ်။,เล่นเกมเพื่อเก็บยอดสะสม,
T_SAVEMONEY_MSG2,@gold 를 모두 적립하면 구매할 수 있습니다.,You can purchase it if it reach over @gold,@gold အားလုံး စုပြီးရင် Gold စပြီး၀ယ်နိင်ပါတယ်။,สามารถซื้อโกลด์ได้เมื่อสะสมยอดครบ @gold,
T_SAVEMONEY_MSG3,상점가보다 저렴하게 구매해 보세요,Get it cheaper price than shop,စတိုးဆိုင်ထက် သက်သာတဲ့စျေးနဲ့ Gold ၀ယ်နိင်ပါတယ်။,ซื้อโกลด์ได้ถูกกว่าร้านค้า,
T_USERINFO,유저 정보 팝업 타이틀,Information,ပလေယာ အချက်အလက်,ประวัติผู้เล่น,Informasi Pemain
T_USERINFO_GOLDRESET,다시 선택,Reset,Reset,,
T_USERINFO_GOLDSEND,보내기,Send,ပို့မယ်,,
T_BUY,결제,Buy,၀ယ်မည်,,
T_FRIEND,친구,Friends,သူငယ်ချင်း,,
T_BLOCK_LIST,차단,Blocked List,Block List,,
T_ROOMLIST,방 리스트,Room Information,အခန်းစာရင်း,รายชื่อห้อง,
T_MAKEROOM,방 만들기,Creat Room,အခန်းထောင်ရန်,,
T_PLAY,빠른입장,Quick Play,အမြန်ကစားမယ်,,
T_FACEBOOKINVITE,페이스북 친구를 초대합니다,Invite Facebook Friends,FB သူငယ်ချင်းဖိတ်မည်,,
T_CHANNEL_FREE,프리,Street,အခမဲ့,,
T_CHANNEL_AMA,아마추어,Advance,အဆင့်မြင့်,,
T_CHANNEL_PRO,프로,Master,Pro,,
T_CHANNEL_VIP,VIP,Royal,VIP,,
T_GIFT_ACCEPT,받기,Receive,လက်ခံမည်,,
T_GIFT_ACCEPTALL,모두 받기,Accept All,အားလုံးလက်ခံမည်,,
M_EXPLANATION_EMAIL,이메일은 금고 비밀번호 찾기에 사용되오니 정확하게 입력해주세요.,Please enter valid e-mail.The e-mail will be used in case of resetting password,E-mail အသုံးပြုပြီး ပက်စ်၀က်ရှာလျှင် E-mail လိပ်စာ အပြည်စုံထည့်ပေးပါ,กรุณากรอกอีเมล์ที่ถูกต้อง อีเมล์จะนำมาใช้ค้นหารหัสผ่านตู้เซฟของคุณค่ะ,
M_SET_NICKNAME,닉네임 설정,Nickname Set-Up,Nickname,ตั้งค่าชื่อเล่น,
M_PLEASE_ENTER_NICKNAME,닉네임을 입력 하세요.,Please enter your friend's nickname.,Nickname ဖြင့်၀င်ပါ,กรุณาใส่ชื่อเล่นของคุณ,
M_3G_DOWNLOAD_WARNING,데이터를 이용하여 친구들 사진을 불러오겠습니까? '아니오'를 누를 경우 WIfi에 연결되었을 때만 친구들 사진을 볼 수 있습니다.,,ပလေယာဓါတ်ပုံ ကို ဒေတာ ဖြင့်ကြည့်မှာလား? 'No' ကိုရွှေးပါက WIfi ဖြင့်သုံးတဲ့အချိန်ပဲ ကြည့်လို့ရနိင်ပါတယ်။,ต้องการใช้ข้อมูลมือถือเพื่อดาวน์โหลดภาพหรือไม่? <br>หากเลือก 'ไม่' จะดาวน์โหลดภาพได้เฉพาะการเชื่อมต่อ WIFI เท่านั้นค่ะ,
M_3G_DOWNLOAD_GUIDE,데이터 사용하여 사진 보기 기능은 '설정' 메뉴에서 언제든 변경 가능합니다.,,"ဒေတာ နဲ့ ဓါတ်ပုံ ကြည့်ချင်လျှင် ""ဆက်တင်"" ထဲတွင် အချိန်မရွှေးပြောင်းလို့ရပါတယ်။",สามารถเปลี่ยนการตั้งค่าดาวน์โหลดภาพด้วยข้อมูลมือถือได้ที่ปุ่ม 'ตั้งค่า' ค่ะ,
M_MAX_MESSAGE_COUNT_EXPLANATION,받은 메시지는 총 @count2 건 저장 됩니다.(@count1 /@count2),You can store up to @count2 messages (@count1 /@count2).,လက်ခံရရှိသမျှ မက်ဆေ့တွေထဲမှ အနည်းဆုံး @count2 ခု ကို သိမ်းထားလို့ရပါတယ်။ (@count1 /@count2),ข้อความที่ได้รับจะถูกเก็บได้ทั้งหมด @count2 ข้อความ (@count1 /@count2),
M_SEND_PW_TO_EMAIL,새로운 비밀번호를 이메일로 전송 하였습니다.,The new password has been sent to your e-mail.,လျှိုဝှက်နံပါတ် အသစ်ကို E-mail ထဲကို ပို့လိုက်ပါပြီ။,รหัสผ่านใหม่ได้ถูกส่งไปอีเมล์ของท่านแล้ว กรุณาเข้าอีเมล์เพื่อตรวจสอบรหัส จากนั้นเข้าสู่ระบบ และกดปุ่มรหัสผ่าน เพื่อทำการเปลี่ยนรหัสผ่านใหม่ของคุณ,
M_SERVER_ERROR_TITLE,,,,,
M_CAN_NOT_JOIN_SERVER,서버 연결에 실패하였습니다. 재시도 하시겠습니까?,Couldn't connect to the server. Please check your network connection.,ဆာဗာချိတ်ဆက်မှု မအောင်မြင်ပါ။<br>ပြန်လည်လုပ်ဆောင်မလား?,ไม่สามารถเชื่อมต่อกับเซิร์ฟเวอร์ได้ ต้องการเชื่อมใหม่อีกครั้งไหมคะ?,
M_RETRY_JOIN_SERVER,서버 연결에 실패하였습니다. 재시도 하시겠습니까?,Couldn't connect to the server. Please try again.,ဆာဗာချိတ်ဆက်မှု မအောင်မြင်ပါ။<br>ပြန်လည်လုပ်ဆောင်မလား?,ไม่สามารถเชื่อมต่อเซิฟเวอร์ได้ โปรดลองใหม่อีกครั้งค่ะ,
M_CHECKING_SERVER,서버점검 중입니다.,Game is under maintenance. ,ဆာဗာစစ်ဆေးဆဲဖြစ်ပါသည်။,กำลังตรวจสอบเซิร์ฟเวอร์ กรุณาเช็คที่ประกาศค่ะ,
M_WANT_QUIT,게임을 종료 하시겠습니까?,Are you sure you want to quit the game?,ဂိမ်းကို ပိတ်မှာလား?,คุณต้องการออกจากเกมไหมคะ?,
M_WANT_RETRY,다시 시도 하시겠습니까?,Would you like to try again?,နောက်တစ်ကြိမ် ပြန်ဝင်မှာလား?,คุณต้องการที่จะลองใหม่อีกครั้งไหมคะ?,
M_LOGIN_ERROR_1,로그인 할 수 없습니다. 아이디 또는 비밀번호를 확인해주세요.,Failed to login. Please check your account or password.,အကောင့်ဝင်လို့မရပါ။ အကောင့် (သို့) လျှိုဝှက်နံပါတ် ကို ပြန်စစ်ဆေးပါ။,ไม่สามารถเข้าสู่ระบบได้ค่ะ กรุณาตรวจสอบชื่อผู้ใช้ หรือรหัสผ่านด้วยค่ะ,
M_LOGIN_ERROR_2,로그인 할 수 없습니다. 아이디 또는 비밀번호를 확인해주세요.,Failed to login. Please check your account or password.,အကောင့်ဝင်လို့မရပါ။ အကောင့် (သို့) လျှိုဝှက်နံပါတ် ကို ပြန်စစ်ဆေးပါ။,ไม่สามารถเข้าสู่ระบบได้ค่ะ กรุณาตรวจสอบชื่อผู้ใช้ หรือรหัสผ่านด้วยค่ะ,
M_LOGIN_ERROR_120_140,계정은 관리자에 의하여 블록 되었습니다. 자세한 내용은 펜페이지로 문의 바랍니다,Account blocked by Admin. Please contact CS (www.indoplay-cs.com),အကောင့်ကို အက်ဒမင်က လော့ချထားပါတယ်။<br>အသေးစိတ်သိလိုသည်များကို fanpageသို့ ဆက်သွယ်မေးမြန်းပါ။,บัญชีถูกบล็อคโดยผู้ดูแลระบบ,
M_LOGIN_ERROR_DEFAULT,로그인에 실패하였습니다.,Login failed.,အကောင့် ဝင်မရပါ။,ไม่สามารถเข้าสู่ระบบได้ กรุณาลองเข้าสู่ระบบอีกครั้งค่ะ,
M_LOGIN_ERROR_120,이 계정은 시스템관리자에 의해 차단되었습니다. 펜페이지를 통해 운영자에게 연락하세요,,,บัญชีถูกบล็อคโดยผู้ดูแลระบบ กรุณาติดต่อแอดมินผ่านแฟนเพจค่ะ,
M_LOGIN_ERROR_140,비밀번호를 여러 번 잘 못 입력하였기 때문에 IP가 임시로 차단됩니다. 30분 후에 다시 시도하세요,,,IP ถูกระงับชั่วคราวเนื่องจากใส่รหัสผิดเกินจำนวนครั้ง กรุณาลองอีกครั้งในอีก 30 นาที,
M_LOGIN_ERROR_150,이 IP는 시스템관리자에 의해 차단되었습니다. 펜페이지를 통해 운영자에게 연락하세요,,,IP ถูกบล็อคโดยผู้ดูแลระบบ กรุณาติดต่อแอดมินผ่านแฟนเพจค่ะ,
M_LOGIN_ERROR_160,이 기기는 시스템관리자에 의해 차단되었습니다. 펜페이지를 통해 운영자에게 연락하세요,,,อุปกรณ์ดังกล่าวถูกบล็อคโดยผู้ดูแลระบบ กรุณาติดต่อแอดมินผ่านแฟนเพจค่ะ,
M_LOGIN_ERROR_ID,계정에 빈 공간이 있습니다. 다시 입력해 주세요,There is space in the input account. Please re-enter,အကောင့်မှာ space ခြားလို့မရပါ။ နောက်တစ်ကြိမ်ပြန်ဝင်ပါ။,,
M_LOGIN_ERROR_PW,비밀번호에 빈 공간이 있습니다. 다시 입력해 주세요,There is space in the input account. Please re-enter,လျှိုဝှက်နံပါတ်ရိုက်လျှင် space ခြားလို့မရပါ။ နောက်တစ်ကြိမ်ပြန်ဝင်ပါ။,,
M_REGIST_ERROR_EMAIL,입력한 이메일 형식이 잘못되었습니다. 확인하시고 다시 입력해주세요.,Thise-mail is invalid. Please check again,မေးလ်မှားနေပါတယ်။ နောက်တစ်ကြိမ်ပြန်ဝင်ပါ။,รูปแบบอีเมล์ที่คุณกรอกไม่ถูกต้อง กรุณาตรวจสอบและกรอกอีเมล์อีกครั้งค่ะ,
M_PW_CHANGE_SUCCESS,비밀번호를 변경 하였습니다.,Password was successfully changed.,လျှိုဝှက်နံပါတ်ပြောင်းပြီးပါပြီ။,เปลี่ยนรหัสผ่านเรียบร้อยแล้วค่ะ,
M_PW_CHANGE_FAILED,비밀번호를 변경 할 수 없습니다.,Password maximum 6 numbers. Please check again.,လျှိုဝှက်နံပါတ် ပြောင်း၍မရပါ။,การเปลี่ยนรหัสผ่านได้ล้มเหลวค่ะ,
M_ASSETBUNDLE_DOWNLOAD_COMPLETE,다운로드를 완료 하였습니다. 게임 대기실로 이동 하시겠습니까?,Would you like to download?,ဒေါင်းပြီးပါပြီ။,ดาวน์โหลดเรียบร้อยแล้ว ต้องการไปที่ล็อบบี้เลยไหมคะ?,
M_ASSETBUNDLE_QUESTION_DOWNLOAD,다운로드 하시겠습니까?,Downloading time is depending on your internet speed. Please wait.,ဒေါင်းမှာလား?,ต้องการที่จะดาวน์โหลดไหมคะ?,
M_ASSETBUNDLE_DOWNLOAD_NOTICE,다운로드 하는데 몇 분이 걸릴 수 있습니다. 인터넷 속도에 따라 다운로드 시간이 더 지연될 수 있습니다.,Are you sure to cancel the ongoing download?,ဒေါင်းလေ့ာ လုပ်တဲ့အချိန် ကြာနိုင်ပါတယ်။ အင်တာနက် မြန်နှုန်းပေါ်မူတည်ပြီး အချိန်ပြောင်းလဲနိုင်ပါတယ်,คุณสามารถใช้เวลาไม่กี่นาทีในการดาวน์โหลด แต่อาจล่าช้าขึ้นอยู่กับความเร็วของอินเทอร์เน็ตคุณค่ะ,
M_ASSETBUNDLE_DOWNLOAD_CANCEL,다운로드를 취소 하시겠습니까?,You can have up to @count Facebook friends.,ဒေါင်းလေ့ာ မလုပ်ဘူးလား?,ต้องการที่จะยกเลิกการดาวน์โหลดไหมคะ?,
M_FACEBOOK_REWARD_NOTICE,Facebook친구는 최대 @count명 까지 사귈 수 있습니다.,You can have up to @count Facebook friends.,facebook မှာ သူငယ်ချင်း အများဆုံး @count ဦးပဲ သူငယ်ချင်း ဖြစ်ခွင့် ရှိပါတယ်,คุณสามารถมีเพื่อน Facebook ได้ถึง @count คน,
M_WANT_LOGOUT,로그아웃 하시겠습니까?,Are you sure you want to Log out?,လော့အောက်လုပ်မှာလား?,คุณต้องการที่จะออกจากระบบไหมคะ?,
M_GOLD_SEND_LIMIT_COUNT,골드 선물 가능 횟수 : (@count1 / @count2),Number of times to send gift gold (@count1/@count2),လက်ဆောင်ပေးလို့ရတဲ့ Gold အရေအတွက် (@count1 / @count2),จำนวนที่ส่งโกลด์ได้ : (@count1 / @count2) ครั้ง,
M_DO_YOU_BUY,구매 하시겠습니까?,Do you want to purchase?,ဝယ်မှာလား?,ต้องการจะซื้อโกลด์ไหมคะ?,
M_DO_YOU_BUY_LEVEL,레벨을 구매하시겠습니까?,,,ต้องการจะซื้อเลเวลไหมคะ?,
M_FACEBOOK_LOGIN_REWARD_PR,페이스북 보너스 @money골드,Facebook Bonus @money Gold,Facebook ဘောနပ်စ် @money Gold,"""@money""",
M_INPUT_FIND_FRIEND_NICKNAME,유저 닉네임을 입력 하세요.,Input user nickname.,Nickname နာမည်ရေးပါ,กรุณากรอกชื่อเพื่อนค่ะ,
M_USERINFO_COMMISSION_GOLD,수수료@count%,Fee @count%,ပို့ခ @count%,ค่าธรรมเนียม @count %,
M_LIMIT_SEND_MESSAGE_CHARACTER,메시지는 최대 250자를 입력 할 수 있습니다.,You can send up to 250 characters.,အများဆုံး မက်ဆေ့ ၂၅၀ လုံး ပို့လို့ရပါတယ်,คุณสามารถกรอกได้ถึง 225 ตัวอักษร,
M_NO_LIST_GIFT,선물받은 골드가 없습니다.,You do not have any Gold to be accepted.,လက်ဆောင်ရတဲ့ Gold မရှိပါ,ไม่มีโกลด์ที่ได้รับเป็นของขวัญค่ะ,
M_NO_LIST_ROOM,게임중인 방이 없습니다. 방을 만들어 보세요.,There is no on-going game room. Please make room.,ဂိမ်းကစားခန်းမရှိပါ။ အခန်းတည်ဆောက်ပါ,ไม่มีห้องที่กำลังเล่นเกมอยู่ กรุณาสร้างห้องเกมค่ะ,
M_NO_LIST_SAFE_INFOS,입출금한 내역이 없어요.,You do not have a deposit or withdrawal history.,အရောင်းအဝယ်စာရင်းမရှိပါ,ไม่มีประวัติฝากถอนเงินค่ะ,
M_NO_LIST_FRIENDS,마음에 맞는 친구를 사귀어 보세요~,Try to make friends with your favourite player~,စိတ်ကြိုက် သူငယ်ချင်း ကို ဖိတ်ခေါ်ပါ,ลองหาคนที่โดนใจ แล้วขอเป็นเพื่อนดูสิคะ,
M_NO_LIST_MESSAGE,받은 메시지가 없어요.,No received messages.,မက်ဆေ့မရှိပါ,ไม่มีข้อความที่ได้รับค่ะ,
M_NO_LIST_BLOCK,블럭된 친구가 없어요.,No blocked friends,ဘလော့ထားတဲ့ သူငယ်ချင်းမရှိပါ,ไม่มีรายชื่อเพื่อนที่โดนบล็อกค่ะ,
M_NO_STATUS_MESSAGE,상태 메시지가 없습니다.,No status message.,မက်ဆေ့မရှိပါ,ไม่มีสถานะข้อความ,Tidak ada status.
M_GIFT_FACEBOOK_INVITE_GUIDE,페이스 북 ID로 로그인하여 페이스북 친구를 초대 한 뒤 같이 게임을 하면 매일 보너스 골드를 얻을 수 있습니다. 이 기회를 놓치지 마세요.,FACEBOOK_INVITE_GUIDE,Facebook ID နဲ့ အကောင့်ဝင်ပြီး သူငယ်ချင်း ဖိတ်ခေါ်လျှင် ဘောနပ်စ် ရပါမယ်။ ဒီအခွင့်အရေးကို လက်လွတ်မခံပါနဲ့။,ถ้าหากล็อกอินด้วยเฟสบุค แล้วชวนเชิญเพื่อนในเฟสบุคมาเล่นเกมด้วยกัน รับไปเลยโบนัสโกลด์ทุกวัน ห้ามพลาดนะคะ!,
M_FACEBOOK_SHARE_MESSAGE,타임라인에 글을 남기시겠습니까?,FACEBOOK_SHARE_MESSAGE,Facebook Timeline မှာ ပို့စ်တင်မှာလား?,แชร์ เล่น89 บนหน้าไทม์ไลน์กันเถอะ,
M_FACEBOOK_SHARE_LOADING_MESSAGE,포스팅중입니다.,FACEBOOK_SHARE_LOADING_MESSAGE,ပို့စ် တင်နေပါတယ်။,กำลังดำเนินการโพสค่ะ,
M_FACEBOOK_SHARE_SUCCESS,포스팅에 성공했습니다.,FACEBOOK_SHARE_SUCCESS,ပို့စ် တင်ပြီးပါပြီ,การแชร์สำเร็จแล้วค่ะ,
M_FACEBOOK_SHARE_FAILED,포스팅에 실패했습니다.,FACEBOOK_SHARE_FAILED,ပို့စ် တင်ခြင်းမအောင်မြင်ပါ,การแชร์ล้มเหลว,
IAP_START_PENDING_PUR,결제 완료 후 대기중 입니다.,Validating purchase.,ငွေပေးချေမှုကို စောင့်နေပါတယ်,กำลังรอการชำระเงิน,
IAP_SUCCESS_PURCHASE,구매 성공했습니다.,Purchase Succeed,ငွေပေးချေပြီးပါပြီ,การชำระเงินสำเร็จ,
IAP_FAILED_PURCHASE,구매에 오류가 발생했습니다.,Your purchase could not be completed,ငွေပေးချေလို့မရပါ,เกิดข้อผิดพลาดในการชำระเงิน,
IAP_SUCCESS_CONFIRM_RECEIPT,구매하신 영수증을 확인 할 수 있습니다.,You can see your purchase history.,ဘောင်ချာ စစ်နိုင်ပါတယ်,สามารถตรวจสอบใบเสร็จการชำระเงินได้,
IAP_FAILED_CONFIRM_RECEIPT,구매하신 영수증을 확인 할 수 없습니다.,Failed to verify your purchase receipt,ဘောင်ချာ စစ်လို့မရပါ,ไม่สามารถตรวจสอบใบเสร็จารชำระเงินได้,
IAP_START_CONFIRM_FOR_ONSMART,MingPlay 서버에서 영수증을 확인 하였습니다.,Validating your purchase.,MingPlay မှာ ဘောင်ချာ စစ်ပြီးပါပြီ,ตรวจสอบใบเสร็จการชำระเงินด้วยเซิฟเวอร์ Len89 แล้ว,
IAP_ALREADY_CONFIRM_RECEIPT,구매에 대한 영수증 확인이 성공적으로 완료 되었습니다.,Your purchase receipt has been successfully completed.,ဘောင်ချာစစ်ပြီးပါပြီ,ตรวจสอบใบเสร็็จการชำระเงินเรียบร้อยแล้ว,
IAP_START_INAPP,결제 연결...,Connecting...,Connecting...,กำลังเชื่อมต่อ...,
IAP_ERROR_TITLE,,,,,
SILVER_BUYGOLD_RESULT_0,골드 구입을 성공 하였습니다.,Gold Purchased.,Gold ဝယ်ပြီးပါပြီ,,
SILVER_BUYGOLD_RESULT_1,골드 구입을 실패 하였습니다.,Gold purchase failed.,Gold ဝယ်မရပါ,,
SILVER_BUYGOLD_RESULT_2,골드 구입을 실패 하였습니다.,Gold purchase failed.,Gold ဝယ်မရပါ,,
SILVER_BUYGOLD_RESULT_3,골드 구입을 실패 하였습니다.,Gold purchase failed.,Gold ဝယ်မရပါ,,
SILVER_BUYGOLD_RESULT_4,유저 정보를 찾을 수 없습니다.,User information not found.,ပလေယာ ရှာမရပါ,,
M_FIND_PASS_ERROR_EMAIL,이메일이 일치하지 않습니다. 다시 확인해주세요.,The e-mail is invalid. Please check again,E-mail ကိုက်ညီမှုမရှိပါ။ နောက်တကြိမ်ပြန်စစ်ဆေးပေးပါ။,อีเมล์ไม่ถูกต้อง กรุณาตรวจสอบอีเมล์ของคุณค่ะ,
M_VERSION_ERR_OPEN_DOWNLOAD,새로운 버젼이 있습니다. 확인 버튼을 누르면 다운로드 페이지로 이동합니다.,There is a new version. Press the OK button to go to the download page.,Version အသစ် ရှိပါတယ်။ OK ကို နှိပ်ပြီး ဒေါင်းလော့ စာမျက်နှာဆီသို့ သွားပါ,เวอร์ชั่นล่าสุดพร้อมอัพเดท กรุณาคลิกที่ปุ่มตกลง เพื่อไปยังหน้าดาวน์โหลดค่ะ,
ASSET_CANCELED_DOWNLOAD,다운로드가 취소되었습니다.,Download is cancelled.,Download လုပ်ခြင်း ဖျက်သိမ်းပါတယ်,ยกเลิกการดาวน์โหลดแล้วค่ะ,
ASSET_FAILED_DOWNLOAD,다운로드에 실패하였습니다. 다시 시도하세요.,Download failed. Please try again.,Download လို့မရပါ။ နောက်တစ်ကြိမ်ပြန်ဝင်ပါ,ดาวน์โหลดล้มเหลว กรุณาลองใหม่อีกครั้งค่ะ,
M_MAINIMAGE,사진 다운로드 중...,Upload your profile picture,ဓါတ်ပုံ Download လုပ်နေပါတယ်...,,
M_MAINSAVEMONEY,지금 적립금을 구매할 수 있습니다,You can purchase Gold with special price here!,အထူးစျေးနှုန်းနဲ့ စုငွေ ကိုဒီနေရာမှာ ၀ယ်လို့ရနိင်ပါတယ်,,
M_MAINSAFEALLOW,금고를 사용할 수 있습니다,Safebox feature is available.,မီးခံသေတ္တာ အသုံးပြုလို့ ရပါတယ်,,
M_MAINSAFELEVEL,금고는 @레벨부터 사용할 수 있습니다,You can use the safebox feature from level @level,"""@level"" ကနေ မီးခံသေတ္တာကို အသုံးပြုနိုင်ပါတယ်။",,
M_MAINSAFEMONEY,@money Gold가 보관 되었습니다,Saving @money Gold in safebox.,@money Gold တွေ ထည့်ပြီးပါပြီ,,
M_MAINOPTION,알림 및 이벤트를 볼 수 있습니다,You can see events and notices.,Events နဲ့ အသိပေးခြင်းကို ကြည်နိင်ပါတယ်,,
M_MAINQEUST,퀘스트 보상을 확인 하세요,Please check your mission reward,သင့်ရဲ့ ဆုလာဘ်ပုံး ဘောနပ်များကို စစ်ပါ။,,
M_FACEBOOKINVITE,친구를 더 초대할 수 있도록 페이스북 계정으로 로그인하세요!,You must be logged in with Facebook account to invite friends.,နောက်ထပ်သူငယ်ချင်းဖိတ်‌ခေါ် လို့ရအောင်facebookအကောင့်ဖြင့်၀င်ပါ,,
M_SAVEMONEYBEFORESALE,상점가,Shop Price,စတိုးဆိုင်စျေး,ราคาในร้านค้า,
M_SAVEMONEYAFTERSALE,@bonus X gold,@bonus x Gold,Gold x @bonus,ได้มากขึ้น @bonus เท่า!!,
M_BLOCKFRIEND,블럭된 유저입니다. 친구를 할 수 있도록 @닉네임을 블럭 해제 하시겠습니까?,This friend is blocked. Are you sure you want to add this friend by unblocking @nickname?,ဘလော့ထားတဲ့ ပလေယာ ဖြစ်ပါတယ်။ @nickname ကို ဘလော့ဖြည်မှာလား?,คุณต้องการจะยกเลิกบล็อกคุณ @nickname ใช่ไหมคะ,
M_BLOCKSENDMESSAGE,블럭된 유저입니다. 메시지를 배낼 수 있도록 @닉네임을 블럭 해제 하시겠습니까?,This friend is blocked. Are you sure you want to unblock @nickname and send a message?,ဘလော့ထားတဲ့ပလေယာ ဖြစ်ပါတယ်။ @nickname ကို ဘလော့ဖြည်ပြီး မက်ဆေ့ပို့မှာလား?,คุณต้องการจะยกเลิกบล็อกคุณ @nickname ใช่ไหมคะ,
M_SAFEPWERROR,비밀번호가 안 맞습니다. 다시 확인해 주세요!,The password is incorrect. Please check again.,လျှိုဝှက်နံပါတ် မှားနေပါတယ်။ နောက်တစ်ကြိမ်ပြန်စစ်ပါ။,รหัสผ่านไม่ถูกต้อง กรุณาตรวจสอบอีกครั้งค่ะ,
DM_FREE_BEST,프리,Street,အခမဲ့,เทพห้องฟรี,
FB_INVITE_SUCCESS,같이 게임 할 친구 초대를 성공하였습니다.,Friend invitation succeeded.,ဂိမ်းအတူတူဆော့မယ့် သူငယ်ချင်းကို ဖိတ်ခေါ်ပြီးပါပြီ။,ชวนเพื่อนสำเร็จแล้วค่ะ,
FB_INVITE_CANCEL,초대를 취소하였습니다.,Cancel invitation,ဖိတ်ခေါ်တာ ဖျက်သိမ်းပါတယ်,,
USER_RECORD,게임 기록,Game Record,Game Record,,
USER_HIGHGOLD,최고 획득 골드,Highest Earning Gold,အမြင့်ဆုံး Gold,,
OPTION_PRIVACY,개인정보 보호정책,Privacy Policy,ကိုယ်‌‌‌‌‌ရေးအချက်လက် မူ၀ါဒ,นโยบายความเป็นส่วนตัว,
OPTION_NOTICE,즉시 보기,View Now,ချက်ချင်း ကြည့်ရန်,รายละเอียด,
MESSAGE_DELETE,전부 삭제,Delete all,အားလုံးဖျက်မယ်,,
SETNICK_SOUND,음성,Voice,အသံ,,
MINIGAME_EMPTY_BETLIST,베팅 리스트가 없습니다,No records available.,ဂိမ်းမှတ်တမ်းများမရှိပါ။,ไม่พบประวัติค่ะ,
MINIGAME_EMPTY_BETHISTORY,현재 베팅 기록 리스트가 없습니다,There are no recent betting records.,လောင်းကြေးမှတ်တမ်းများမရှိပါ။,ไม่มีประวัติการเดิมพันล่าสุด,
MINIGAME_SNAIL_TIMER_2,베팅이 곧 종료됩니다.,Betting will be closed soon.,မကြာခင် လောင်းကြေးပိတ်ပါတော့မယ်။,ใกล้หมดเวลาเดิมพันแล้วนะครับ,
MINIGAME_DICE_LOW,낮음,low,Low,ต่ำ,
MINIGAME_DICE_HIGH,높음,High,High,สูง,
MINIGAME_BIGBET_CHECK,@money 골드를 베팅하시겠습니까?,Do you want to bet @money gold??,@money Gold လောင်းကြေးထည့်မှာလား?,ต้องการเดิมพัน @money ใช่ไหมคะ?,
MINIGAME_BET,베팅,Bet,လောင်းကြေး,แทง,
MINIGAME_GOLD_LOW,베팅할 골드가 부족합니다,There is not enough gold.,Gold အလုံအလောက်မရှိပါ,โกลด์ที่มีอยู่ไม่เพียงพอ ไม่สามารถวางเดิมพันได้ค่ะ,
MINIGAME_BETING_WAIT,배팅 기다리는 중,Betting Pending,လောင်းရန် စောင့်နေဆဲ,รอการเดิมพัน,
T_UNLOCK,잠금 해제,Unlock,Unlock,,
T_CREATE,만들기,Create,Create,,
OPTION_BTN_CS,문의하기,Contact Now,ဆက်သွယ်ရန်,,
OPTION_BTN_FAN,방문하기,Visit Now,လည်ရန်,,
SIGNUP_PW,비밀번호,Password,ပက်စ်၀က် ,,
OPTION_BTN_PRIVACY,EULA 읽기,Read EULA,Read EULA,,
GIFT_3DAY,선물함의 골드는 3일 동안만 보관될 것입니다.,Gold in this Gift Box will only be kept for 3 days.,လက်ဆောင်သေတ္တာထဲတွင် Gold များကို ၃ ရက်သာထားလို့ရပါမယ်,,
FINDPW_PW,현재\n비밀번호,Current\nPassword,လက်ရှိ\nလျှိုဝှက်နံပါတ်,,
CLOSE,닫기,Close,Close,,
ROOMLIST_MAKEROOM,방 만들기,Create Room,အခန်းထောင်ရန်,,
FACEBOOK_LOGIN,로그인,Login,အကောင့်၀င်ခြင်း,,
FACEBOOK_LOGIN_CANCEL,취소,Cancel,ပယ်ဖျက်မယ်,,
SETNICK_ERR,닉네임에 비속어 또는 부적절한 단어가 포함되어 있습니다.,,NIckname တွင် ကြမ်းတမ်းသောစကား (သို့) မသင့်တော်တဲ့စကားများ ပါရှိနေပါတယ်။,,
REPLY_MSG,답장하기,Reply,စာပြန်ရန်,,
T_MANGO_GOLD,당신의 캐쉬를 사용해 선택된 골드를 구매하시겠습니까?,Do you want to buy the selected Gold using your Cash?,သင့်ရဲ့ Cash ကို အသုံးပြုပြီး ရွေးချယ်ထားတဲ့ Gold ကို ဝယ်မှာလား?,,
T_MANGO_WEB,캐쉬를 충전해주세요.,Please Charge Cash,Cash ဖြည့်ပါ,,
B_MANGO_GOLD,동의함,Agreed,သဘောတူတယ်,,
B_MANGO_WEB,캐쉬 충전,Charge Cash,Cash ဖြည့်ပါ,,
SETNICKNAMEGUIDE,영문과 숫자만 입력 가능합니다.<br> 최소 6~12 자 까지 입력 가능합니다.<br>공백은 입력할 수 없습니다,"- Nickname must consist of 6-12 characters including\nspecial characters"""" but spaces are not allowed.\n- Nickname can only be set once.",Nickname ပေးတဲ့အခါ အင်္ဂလိပ် အက္ခရာ နဲ့ နံပါတ်စဥ် ပါဝင်ရပါမယ်။<br> အနည်းဆုံး ၆ လုံးမှ အများဆုံး ၁၂ လုံးထိ ရှိရပါမယ်။<br> spaceခြားလို့မရပါ။ နာမည်တစ်ဆက်ထဲဖြစ်ရပါမယ်။,,
T_GIFTHISTORY,선물 기록,Gifts History,လက်ဆောင်စာရင်း,ประวัติส่งโกลด์,
T_GIFTHISTORYUSER,받은사람,Receiver,Nickname,,
T_GIFTHISTORYGOLD,보낸금액,Amount,Gold,,
T_GIFTHISTORYDAY,날짜,Transaction Time,Date,,
T_GIFTHISTORY_DAY,T_GIFTHISTORY_DAY,T_GIFTHISTORY_DAY,T_GIFTHISTORY_DAY,วันที่,
T_GIFTHISTORY_NICK,T_GIFTHISTORY_NICK,T_GIFTHISTORY_NICK,T_GIFTHISTORY_NICK,ผู้รับ,
T_GIFTHISTORY_GOLD,T_GIFTHISTORY_GOLD,T_GIFTHISTORY_GOLD,T_GIFTHISTORY_GOLD,จำนวนโกลด์,
SETBOXPASS_SUCCESS,비밀번호 설정 완료,Password of the safe has been set.,ပက်စ်၀က် ပြုလုပ်ခြင်း အောင်မြင်သည်,ตั้งรหัสผ่านเรียบร้อยแล้วค่ะ,
T_SET_SAFEBOX_PASSWORD_GUIDE,비밀번호는 4자리로 입력해야 합니다<br>(숫자만 입력 가능),Password should be 4 alphanumeric digits\n(no special characters).,လျှိုဝှက်နံပါတ်က အနည်းဆုံး ၄ လုံး ရှိရပါမယ်။<br>(ဂဏန်းပဲ ရေးရမှာဖြစ်ပါတယ်),,
NON_BIGPHOTO,큰 사진 이용 불가,Larger image  is not available.,,,Foto lebih besar tidak tersedia.
T_WELCOME_TITLE,환영 제목,Welcome Aboard.,ကြိုဆိုပါတယ်,,
T_WELCOME_PHRASE,환영 내용,Hello @nick\nWe are giving you @Gold as a joining gift.\nWelcome to MingPlay,မင်္ဂလာပါ @nickname ကို အဖွဲ့ဝင်လက်ဆောင်အဖြစ် @Gold Gold ကို ပေးပို့ထားပါတယ်။ ကြိုဆိုပါတယ်...,,
T_TYPE,타입,Type,Type,,
GAME_CLOSE,게임이 현재 이용 불가 상태입니다.,The game isunavailable,ယခု လတ်တလောအချိန်အတွင်း ဂိမ်းကစား၍မရသေးပါ။,,
LANGUAGE_,언어,Language,ဘာသာစကား,,
LANGUAGE_ENG,영어,ENGLISH,အင်္ဂလိပ်,,
LANGUAGE_MYA,미얀마어,MYANMAR,မြန်မာ,,
T_ONE_PERSON,1명,,၁ဦး,,
T_TWO_PERSON,2명,,၂ဦး,,
T_THREE_PERSON,3명,,၃ဦး,,
T_FOUR_PERSON,4명,,၄ဦး,,
T_FIVE_PERSON,5명,,၅ဦး,,
T_SIX_PERSON,6명,,၆ဦး,,
T_SEVEN_PERSON,7명,,၇ဦး,,
T_EIGHT_PERSON,8명,,၈ဦး,,
T_NINE_PERSON,9명,,၉ဦး,,
T_NEED_GOLD,@money골드가 필요합니다.,,@money Gold လိုအပ်ပါတယ်။,,
T_QUESTIOn_CONFIRMROOM,@anti 방에 입장 하시겠습니까?,,@anti ဂိမ်း အခန်းထဲ ဝင်မှာလား။,,
T_QUESTION_MAKEROOM,@anti 게임방을 만드시겠습니까?,,@anti ဂိမ်း အခန်း တည်ဆောက်မှာလား။,,
T_ENTRANCE,입장,,ဝင်မယ်,,
T_CANCEL_2,취소,,မဝင်ဘူး,,
M_FACEBOOK_LINK_QUESTION,연동하시겠습니까?,,အကောင့် နဲ့ ‌ချိတ်မှာလား?,,
M_FACEBOOK_LINK_GUIDE_1,현재 게스트 계정으로 게임 플레이 중입니다.,,Guest အဖြစ် ဂိမ်းကစား‌နေပါတယ်။,,
M_FACEBOOK_LINK_GUIDE_2,게임 데이터 보존을 위해 계정 연동을 해주세요.,,ဂိမ်း ‌‌‌ဒေတာ‌‌‌ကြောင့် အောက်ဖော်ပြပါ မိမိနှစ်သက်ရာ အကောင့်နှင့် ချိတ်ပါ။,,
M_FACEBOOK_LINK_GUIDE_3,계정 연동시 로그아웃후 재 로그인을 하게 됩니다.,,ချိတ်ဆက်ထားတဲ့အကောင့် ‌လော့အောက်လုပ်ပြီး ‌လော့အင် ပြန်ဝင်ပါ။,,
M_FACEBOOK_LINK_FAIL,통합을 실패 했습니다. 이미 사용중인 계정입니다.,,ချိတ်ဆက်တာ မအောင်မြင်ပါ။ အသုံးပြုပြီးသား အကောင့်ဖြစ်ပါတယ်။,,
M_FACEBOOK_LINK_SUCCESS,통합을 완료 하였습니다.,,ချိတ်ဆက်လို့ ပြီးပါပြီ။,,
T_SENDGOLD,보낸골드,,ပို့မည့် Gold,,
T_LOGIN_GUEST_TITLE,게스트플레이를 시작합니다.,,ဧည့်သည်အဖြစ်ကစားမယ်,,
T_LOGIN_GUEST_CONTENT,게스트 계정은 핸드폰 변경 및 설치 시 계정 정보가 초기화 될 수 있습니다.<br>게스트 계정 초기화에 관련한 도움을 드릴수가 없습니다.<br>안전한 계정 관리를 위하여 아래 계정을 통한 플레이를 권장 합니다.,,ဧည့်သည်အဖြစ် ကစားမယ်ဆိုလျှင် ဂိမ်းအချက်အလက်များအတွက်<br>အကူအညီပေး၍မရပါ။အချက်အလက်များအတွက်စိတ်ချရအောင် <br>အကောင့် ဖြင့် လော့အင် ဝင်ပြီး ကစားနိုင်ပါတယ်။,,
T_REQUIRE_LV_VIP,레벨 (등급조건), ,အဆင့်,เงื่อนไข,
T_GET_GRADEUP_GOLD,즉시지급,,ရမည့် Gold,รับทันที,
T_GET_LEVELUP_GOLD,매 레벨업 시,,အဆင့်တက် Gold,ทุกครั้งที่เลเวลอัพ,
T_GET_FREE_GOLD,무료 충전 금액,,အခမဲ့ Gold ပမာဏ,วงล้อโกลด์ฟรี,
T_SAFEBOX_USE,금고 이용,,မီးခံသေတ္တာ ,บริการตู้เซฟ,
T_PROFILE_VIP_DECORATION,액자 효과,,ဓါတ်ပုံဘောင်,กรอบแสดงลำดับ,
T_VIP_MAX,최대,,,สูงสุด,
T_FREEGOLD_SELECT,하나를 선택하세요,,တစ်ခုကို ရွေးချယ်ပါ,กรุณาเลือก 1 อย่างค่ะ,
T_TITLE_GUIDE,안내 문구,Guide,ကစားနည်း,คู่มือ,
TW_PLAYFILTER_ANTE,엔티,Ante,စထိုးငွေ,เดิมพัน,
SIGNUP_PWRE,비밀번호 확인,Confirm password,ပက်စ်၀က်အတည်ပြုခြင်း,,
T_OPTION_SHOW_ONLY_WIFI,Wifi 환경에서만 플레이어 사진 보기,,Wifi ဖြင့် ပလေယာဓာတ်ပုံကြည့်ရန်,,
T_COMMON_TIMEBOUNS_GUIDE,조금만 기다리면 골드를 받을 수 있어요.,,ခနနေရင် Gold လက်ခံရနိင်ပါတယ်,,
T_MAIN_TUTORIAL,도움말,Tutorial,ကစားနည်း,,
T_MAIN_SAFE_FORGOT_PASSWORD,비밀번호 찾기,Forgot Password,ပက်စ်၀က်ပြန်ရှာခြင်း,,
T_HIGHLOW_BUTTON_LEVEL_LIMIT,@level레벨 이상이어야 입장 할 수 있습니다.(다이사이 입장할때 제한 메세지),(develope)Need Lv@level,@level အဆင့်မှ စ၍ ကစားလို့ရပါပြီ,,
T_ROOMLIST_USER_COUNT,인원 (방만들기 옵션용 짧은 번역),user count,ဦးရေ,,
T_USERINFO_VOICE_MALE,남자음성,male voice,ကျား စကားသံ,,
T_USERINFO_VOICE_FEMALE,여자음성,female voice,မ စကားသံ,,
T_LOBBY_MIN_ANTE,최소 보유금,min,ရှိုးပြငွေ,น้อยสุด,
T_LOGIN_REQUIRE_GUIDE,이 게임은 실제 현금 도박을 지원하지 않습니다. (구글 요청 문구),This games do not offer real money gambling or an opportunity to win real money,This games do not offer real money gambling or an opportunity to win real money,This games do not offer real money gambling or an opportunity to win real money,
T_ASSETBUNDLE_QUESTION,추가 리소스 다운로드 {0} MB는 인터넷 비용을 줄이기 위해 Wi-Fi를 연결하는 것이 좋습니다.(T_LOGIN_ASSETBUNDLE_START이랑 용도는 같으나 이 문구는 태국에서 사용됨),,,ดาวน์โหลดทรัพยากรเพิ่มเติม {0} MB<br> แนะนำให้เชื่อมต่อ Wi-Fi<br> เพื่อลดค่าใช้จ่ายอินเตอร์เน็ต,
T_LOGIN_ASSETBUNDLE_START,게임 플레이를 위하여 다운로드를 시작합니다.,,ဂိမ်းကစားရန် Downloadလုပ်ပါမည်။,,
T_MAIN_VOICE_GUIDE,음성 설정은 내 정보에서 언제든 변경 가능합니다.,,ကျား/မ အသံရွှေးချယ်ခြင်းကို အချိန်မ‌ရွှေးပြောင်းလဲနိင်ပါသည်။,,
T_MAIN_NICK_SET_GUIDE,"닉네임은 영문, 태국어, 숫자로 6~12글자만 입력 가능합니다",,Nickname တွင်  အင်္ဂလိပ်အက္ခ၇ာ နှင့် ဂဏန်းပေါင်းပြီး ၆-၁၂ လုံးထိ ပဲ ရေးလို့ရပါတယ်,ความยาวชื่อเล่น 6-12 ตัว เฉพาะตัวหนังสือภาษาอังกฤษ ภาษาไทย และตัวเลข เท่านั้น,
T_HL_BETWAITMSG,상대편의 배팅 골드가 부족하여 대기중입니다.,,တဘက်မှ Gold နည်းနေတဲ့အတွက် လောင်းရန်စောင့်နေဆဲ,เนื่องจากโกลด์อีกฝั่งมีจำนวนน้อยกว่า,
T_MAIN_GOLDGUIDE_TITLE,골드가 필요하신가요? (골드추천 팝업 타이틀),,Gold လိုအပ်ပါသလား?,,
MACROCHAT_01,안녕하세요:),,အားလုံးမင်္ဂလာပါနော် :),ดีจ้า,
MACROCHAT_02,감사합니다!,,ကျေးဇူးတင်ပါတယ်!,เทหมดหน้าตักมาเลย,
MACROCHAT_03,죄송합니다 (미안합니다),,တောင်းပန်ပါတယ်!,สุดยอด,
MACROCHAT_04,좋았어!,,ကောင်းလိုက်တာ!,ไพ่ไม่ดีเลย,
MACROCHAT_05,즐거웠어요,,ပျော်နေပါပြီနော်,ขอเงินหน่อย,
MACROCHAT_06,이만 가볼게요,,အခုတော့ သွားလိုက်ပါအုန်းမယ်,ไม่ใช่เล่นนะเนี่ย,
MACROCHAT_07,,,,,
MACROCHAT_08,,,,,
MACROCHAT_09,,,,,
MACROCHAT_10,,,,,
MACROCHAT_NONE,입력해 주세요 (퀵채팅 빈칸 내용),Please enter the messages,စာတိုများရေးထားနိင်သည်။,กรุณาพิมพ์ข้อความค่ะ,
T_MACROCHAT01,,Hello,,,Halo
T_MACROCHAT02,,Nice to meet you,,,Senang berkenalan dengan Kamu
T_MACROCHAT03,,Thanks,,,Terima Kasih
T_MACROCHAT04,,Wow!,,,Wah!
T_MACROCHAT05,,Bye,,,Bye
T_MACROCHAT06,,Please enter your message.,,,Silahkan masukkan pesan kamu
T_LOBBY_DO_NOT_SHOW_AGAGIN,다시보지 않기,Do not show again,နောက်တခါမကြည့်ပါ။,,
T_MAIN_FACEBOOK_PROHIBITION_GUIDE,게스트 계정이라서 이용할 수 없는 기능 입니다.(게스트 제한 기능 클릭 시 스크롤 메시지),,Guest အကောင့်ဖြစ်နေသောကြောင့် လက်ရှိအရာကို အသုံးပြုလို့မရနိုင်ပါ။,,
T_MAIN_RECEIVE_GOLD_REWARD,~를 받았습니다.,,ကို လက်ခံရရှိပါသည်။,ได้รับ,
T_VIP_COMPLETE_MSG,@Level  레벨 이 되었습니다. (VIP상품 구매 완료 팝업),,@Level အဆင့်ကို ရောက်ရှိသွားပါပြီ။,,
T_VIP_GOLDSEND,골드선물하기 (VIP팝업 레벨 혜택 설명),,Gold လက်ဆောင်,,
T_SHOP_ERRORMSG,네트워크 문제로 결제 상품 도착이 늦어지고 있습니다<br> 재 시도를 위해 상점을 닫고 다시 열어주세요,,အင်တာနက်မြန်နှုန်းနေးနေပါသဖြင့် ဝယ်ထားသောပစ္စည်းရောက်ရန် နောက်ကျနေပါသည်။ <br>ကျေးဇူးပြု၍ စတိုးဆိုင်ကို ပိတ်ပီးနောက်တကြိမ် ပြန်ဖွင့်ပေးပါ။,เกิดความล่าช้าของข้อมูลการชำระเงิน<br>เนื่องจากปัญหาทางเครือข่าย<br>กรุณาปิด-เปิดหน้าร้านค้าเพื่อลองใหม่อีกครั้งค่ะ,
T_FREEGOLD_RESTRICTION_MSG,지금은 무료충전을 받을 수 없습니다.,,အခု အခမဲ့ Gold ဖြည့်ခြင်းကို လက်ခံမရရှိနိုင်ပါ။,ไม่สามารถรับโกลด์ฟรีได้ในตอนนี้,
T_OPTION_GAMESPEC,게임 사양 ,Game Spec (specifications),ဂိမ်းအထူးပြုလုပ်ချက်,ความละเอียดภาพ,
T_OPTION_LOW,낮음,Low,Low,ต่ำ,
T_OPTION_HIGH,높음,High,High,สูง,
T_EMAIL_FINDGUIDE,이전에 등록한 이메일 주소를 정확히 입력해 주세요,,လက်ရှိသုံးနေသောအီးမေးလ်လိပ်စာ<br>အတိအကျကိုထည့်ပေးပါ,กรุณากรอกชื่อบัญชีอีเมลที่ถูกต้อง รหัสผ่านใหม่จะถูกส่งไปทางอีเมล์ของคุณคะ,
T_FBLOGINFAILED,계정 정보를 불러오지 못했습니다. 페이스북 앱의 로그인 상태를 확인해 주세요,,အကောင့်အချက်လက်များ မကိုက်ညီပါ။ <br>ကျေးဇူးပြုပြီး FB အကောင့်ကို ပြန်စစ်ဆေးပေးပါ။,ไม่สามารถเข้าถึงข้อมูลผู้ใช้งานได้<br>กรุณาตรวจสอบสถานะการเข้าสู่ระบบของเฟซบุ๊คค่ะ,
T_GOOGLE_LOGIN_FAILED,계정 정보를 불러오지 못했습니다. 구글 로그인 상태를 확인해 주세요,,အကောင့်အချက်လက်များ မကိုက်ညီပါ။ <br>ကျေးဇူးပြုပြီး Google အကောင့်ကို ပြန်စစ်ဆေးပေးပါ။,ไม่สามารถเข้าถึงข้อมูลผู้ใช้งานได้ กรุณาตรวจสอบสถานะการเข้าสู่ระบบของ Google ค่ะ,
IAP_START_PENDING_PUR_1,결제 요청 중 입니다. 잠시만 기다려 주세요,,ငွေပေးချေမှု လုပ်ဆောင်နေပါသည်။<br>ခနလေးစောင့်ပေးပါ။,กำลังส่งคำขอชำระเงิน<br>กรุณารอสักครู่ค่ะ,
IAP_START_PENDING_PUR_2,결제 완료 후 처리 중 입니다. 잠시만 기다려 주세요,,ငွေပေးချေမှု အောင်မြင်ပြီး လုပ်ငန်းစဉ်ဆက်လက်လုပ်ဆောင်နေပါသည်။<br> ခနလေးစောင့်ပေးပါ။,กำลังตรวจสอบการชำระเงิน<br>กรุณารอสักครู่ค่ะ,
IAP_FAILED_INITIALIZE,상품 정보를 불러오지 못했습니다. 다시 시도해 주세요 (m_error_01),,ပစ္စည်းအချက်အလက် ကိုက်ညီမှုမရှိပါ။<br>နောက်တကြိမ်ပြန်လည်လုပ်ဆောင်ပေးပါ။ (m_error_01),ไม่สามารถค้นหาสินค้าได้<br>กรุณาลองใหม่อีกครั้งค่ะ (m_error_01),
IAP_FAILED_CONFIRM_RECEIPT_1,네트워크 연결이 끊어졌습니다,,စတိုးသို့ ချိတ်ဆက်မရနိုင်ပါ။<br>နောက်တကြိမ်ပြန်လည်လုပ်ဆောင်ပေးပါ။ (m_error_02),การชำระล้มเหลว<br>กรุณาโปรดลองใหม่อีกครั้งค่ะ (m_error_02),
IAP_CANCELLED_PURCHASE,결제가 정상적으로 취소되었습니다. (m_cancel_03),,ငွေပေးချေမှု ပုံမုန်တိုင်း ပယ်ဖျက်ပြီးပါပြီ။ (m_cancel_03),การชำระเงินถูกยกเลิกเรียบร้อยแล้ว (m_cancel_03),
IAP_FAILED_CONFIRM_RECEIPT_2,결제 정보 저장에 실패하였습니다. 다시 시도해 주세요 (m_error_04),,ငွေပေးချေမှု အချက်အလက်ဖြည့်သွင်းခြင်း မအောင်မြင်ပါ။<br>နောက်တကြိမ်ပြန်လည်လုပ်ဆောင်ပေးပါ။ (m_error_04),บันทึกข้อมูลการชำระเงินไม่สำเร็จ<br>กรุณาลองใหม่อีกครั้ง (m_error_04),
IAP_FAILED_CONFIRM_RECEIPT_3,결제 정보를 받아오지 못했습니다. 다시 시도해 주세요 (m_error_05),,ငွေပေးချေမှုအချက်အလက် လက်ခံလို့မရနိုင်ပါ။<br>နောက်တကြိမ်ပြန်လည်လုပ်ဆောင်ပေးပါ။ (m_error_05),ไม่ได้รับข้อมูลการชำระเงิน<br>กรุณาลองใหม่อีกครั้ง (m_error_05),
IAP_FAILED_CONFIRM_RECEIPT_4,결제 정보가 일치하지 않습니다. 다시 시도해 주세요 (m_error_06),,ငွေပေးချေမှုအချက်အလက် ကိုက်ညီမှုမရှိပါ။<br>နောက်တကြိမ်ပြန်လည်လုပ်ဆောင်ပေးပါ။ (m_error_06),ข้อมูลการชำระเงินไม่ถูกต้อง<br>กรุณาลองใหม่อีกครั้ง (m_error_06),
IAP_BILLING_RESPONSE_RESULT_OK,완료 되었습니다. (G_msg_0),,အောင်မြင်သွားပါပြီ။ (G_msg_0),เรียบร้อยแล้วค่ะ (G_msg_0),
IAP_BILLING_RESPONSE_RESULT_USER_CANCELED,사용자가 뒤로가기를 눌렀거나 연결을 취소 하였습니다. (G_msg_01),,အသုံးပြုသူက နောက်သို့ခလုတ်ကို နိုပ်သောကြောင့်<br> ချိတ်ဆက်ခြင်း ပယ်ဖျက်လိုက်ပါပြီ။ (G_msg_01),ผู้ใช้งานกดปุ่มย้อนกลับ<br>หรือยกเลิกการเชื่อมต่อแล้วค่ะ (G_msg_01),
IAP_BILLING_RESPONSE_RESULT_SERVICE_UNAVAILABLE,네트워크 연결이 끊어졌습니다 (G_error_02),,အင်တာနက် ချိတ်ဆက်ခြင်း ပြီးဆုံးသွားပါပြီ။ (G_error_02),ขาดการเชื่อมต่อเครือข่าย (G_error_02),
IAP_BILLING_RESPONSE_RESULT_BILLING_UNAVAILABLE,결제 버전이 지원되지 않습니다. (G_error_03),,ငွေပေးချေမှုပုံစံကို ထောက်ပံ့လို့မရနိုင်ပါ။ (G_error_03),ไม่รองรับเวอร์ชั่นการชำระเงิน (G_error_03),
IAP_BILLING_RESPONSE_RESULT_ITEM_UNAVAILABLE,제품을 구매할 수 없습니다. (G_error_04),,ပစ္စည်းကို ဝယ်ယူလို့မရနိုင်ပါ။ (G_error_04),ไม่สามารถซื้อสินค้าได้ (G_error_04),
IAP_BILLING_RESPONSE_RESULT_DEVELOPER_ERROR,앱 결제가 올바르지 않거나 권한이 없습니다. (G_error_05),,App ဖြင့် ငွေပေးချေမှု မကိုက်ညီခြင်းကြောင့် ခွင့်ပြုလို့မရနိုင်ပါ။ (G_error_05),การชำระเงินผ่านแอปไม่ถูกต้อง<br>หรือไม่ได้รับสิทธิ์ในการซื้อ (G_error_05),
IAP_BILLING_RESPONSE_RESULT_ERROR,작업 중 오류가 발생했습니다 (G_error_06),,လုပ်ဆောင်နေစဉ်တွင်း ပြသနာဖြစ်ပေါ်နေပါသည်။ (G_error_06),เกิดความผิดพลาดระหว่างดำเนินการ (G_error_06),
IAP_BILLING_RESPONSE_RESULT_ITEM_ALREADY_OWNED,제품을 이미 소유하고 있기 때문에 구매할 수 없습니다. (G_error_07),,ပစ္စည်းက ရှိပြီးသားဖြစ်သောကြောင့် နောက်ထပ်ဝယ်ယူမရနိုင်ပါ။ (G_error_07),ไม่สามารถซื้อได้เนื่องจากคุณมีสินค้านี้แล้ว (G_error_07),
IAP_BILLING_RESPONSE_RESULT_ITEM_NOT_OWNED,제품을 소유하고 있지 않기 때문에 사용할 수 없습니다 (G_error_08),,ပစ္စည်းကို မပိုင်ဆိုင်သောကြောင့် အသုံးပြုလို့မရနိင်ပါ။ (G_error_08),ไม่สามารถใช้ได้เนื่องจากคุณไม่มีสินค้านี้ (G_error_08),
IAP_PENDING,결제 처리가 완료되지 않았습니다.,Payment processing has not been completed.,ငွေရှင်းခြင်း မအောင်မြင်ပါ၊,การชำระเงินไม่สำเร็จ,Proses pembayaran belum selesai.
IAP_PENDING_WAIT,결제 처리를 기다리는 중입니다. ,Awaiting for payment process.,ငွေရှင်းခြင်း ပြုလုပ်နေဆဲဖြစ်သည်။,กำลังรอดำเนินการชำระเงิน,Menunggu proses pembayaran.
IAP_CHECK_PAYERROR,주문내역 페이지로 이동하시겠습니까?,Do you want to go to the order history page?,order မှာယူသော စာမျက်နှာသို့ သွားမလား?,ต้องการตรวจสอบประวัติคำสั่งซื้อหรือไม่,Apakah Kamu ingin membuka halaman riwayat pesanan?
T_AUTOPLAYING,오토모드로 진행 중입니다. 레벨업 경험치가 누적되지 않습니다.,,အော်တိုခလုတ်ဖြင့်ကစားနေပါတယ်။ အဆင့်တက်အဝိုင်း မပြည့်နိုင်ပါ။,,
T_SUPPORT_TITLE,고객센터 (고객센터 팝업 타이틀),,Support,ช่วยเหลือ,
T_SUPPORT_MSG_1,도움이 필요하시면 1:1 문의하기 버튼을 클릭하여 문의 바랍니다.,,အကူအညီလိုအပ်ပါက မေးမြန်းစုံစမ်းရန် အားနှိပ်၍ အကူအညီ လက်ခံနိုင်ပါသည်။,ถ้าต้องการความช่วยเหลือเพิ่มเติม คลิกที่ปุ่ม <color=#7ebaff>1:1 ติดต่อสอบถาม</color> เพื่อแจ้งปัญหาได้ค่ะ,
T_SUPPORT_MSG_2,문의하실 때에 닉네임과 문제사항을 상세히 먼저 알려주시면 더욱 빠른 답변이 가능합니다.,,မေးမြန်းသည့်အခါ nickname နှင့်တကွ မေးမြန်းလိုသည့်ပြဿနာကို အသေးစိတ် ပို့ပေးပါက လျှင်မြန်စွာ ဖြေရှင်းပေးနိုင်မည် ဖြစ်ပါသည်။,รบกวนผู้เล่นติดต่อพร้อมแจ้งชื่อในเกมและรายละเอียดปัญหา เพื่อความรวดเร็วในการตรวจสอบค่ะ,
T_SUPPORT_MSG_3,*고객센터 운영시간은 평일 8am~5pm 입니다,,* ရုံးချိန် အတွင်း မနက် ၈ နာရီမှ ည ၈ နာရီ အတွင်း မေးမြန်းစုံစမ်း နိုင်ပါသည်။,<color=#ffb21d>* เวลาทำการของฝ่ายบริการลูกค้า เวลา 8.00-17.00 น. วันจันทร์-ศุกร์ ยกเว้นวันหยุดราชการ</color>,
T_SUPPORT_BTN,메신져로 문의하기 (고객센터 1:1문의 버튼 텍스트),,မေးမြန်းစုံစမ်းရန်,ติดต่อสอบถาม,
T_ROOM_RETURN,이전 방 입장,,ပြန်ဝင်,เข้าไปใหม่,
T_COMMING_SOON,오픈 예정 게임 클릭 시 출력 문구 (스크롤 메시지),곧 오픈 예정입니다. 많이 사랑해 주세요,မကြာမီ ဂိမ်းကစားနည်းအသစ်များ ဖွင့်တော့မည် ဖြစ်ပါသဖြင့် ရင်ခုန်စွာ စောင့်မျှော် ပေးပါဦး။,,
M_REGIST_ERROR_ID,이 계정 이름을 사용할 수 없습니다. 숫자와 영어를 함께 입력하세요.,,ဤအကောင့်အမည်ကို အသုံးပြု၍မရပါ။ ကျေးဇူးပြု၍ နံပါတ်များနှင့် အင်္ဂလိပ်တို့ကို ပေါင်းထည့်ပါ။,ไม่สามารถใช้ชื่อบัญชีนี้ได้ค่ะ กรุณากรอกตัวเลขและภาษาอังกฤษรวมกันค่ะ,
M_REGIST_ERROR_PW,암호가 너무 짧거나 길어서 사용할 수 없습니다. 새 비밀번호를 입력하세요.,,စကားဝှက်သည် တိုလွန်း သို့မဟုတ် ရှည်လွန်းသည် ။ စကားဝှက်အသစ်ကို ထည့်ပါ။,รหัสผ่านสั้นหรือยาวเกินไป ไม่สามารถนำมาใช้ได้ค่ะ กรุณากรอกรหัสผ่านใหม่ค่ะ,
M_REGIST_ERROR_CONFIRM,입력 한 비밀번호가 일치하지 않습니다. 새 비밀번호를 다시 입력하십시오.,,သင်ထည့်လိုက်သော စကားဝှက် မကိုက်ညီပါ။ သင့်စကားဝှက်အသစ်ကို ပြန်လည်ထည့်သွင်းပါ။,รหัสผ่านที่คุณกรอกไม่ตรงกัน กรุณากรอกรหัสผ่านใหม่อีกครั้งค่ะ,
M_REGIST_ERROR_PW_LIMIT,비밀번호는 숫자와 특수 문자를 포함하여 6-12 자 길이여야합니다.,,စကားဝှက်သည် နံပါတ်များနှင့် အထူးအက္ခရာများအပါအဝင် အက္ခရာ 6-12 လုံးရှိရမည်။,รหัสผ่านต้องยาว 6-12 ตัวอักษร รวมทั้งตัวเลขและอักขระพิเศษ,
M_REGIST_ACCOUNT_RESULT_0,축하합니다. 성공적으로 계정을 생성하셨습니다. 로그인하고 보너스를 받으세요.,,ဂုဏ်ယူပါတယ်။ သင်၏ အကောင့်ကို အောင်မြင်စွာ ဖန်တီးပြီးဖြစ်သည်။ အကောင့်ဝင်ပြီး သင်၏ဘောနပ်စ်ကို ရယူလိုက်ပါ။,ยินดีด้วยค่ะ คุณได้สมัครสมาชิกเรียบร้อยแล้ว ล็อกอินแล้วรับโบนัสได้เลยค่ะ,
M_REGIST_ACCOUNT_RESULT_99,계정 생성에 실패했습니다. 다시 시도하십시오.,,သင်၏ အကောင့်ဖန်တီးမှု မအောင်မြင်ပါ။ ထပ်စမ်းကြည့်ပါ။,การสมัครสมาชิกเกิดความผิดพลาด กรุณาลองใหม่อีกครั้งค่ะ,
M_REGIST_ACCOUNT_RESULT_100,아직 계정 이름을 입력하지 않았습니다. 계정 이름도 입력하십시오.,,အကောင့်အမည် မထည့်ရသေးပါ။ သင့်အကောင့်အမည်ကို ထည့်သွင်းပါ။,คุณยังไม่ได้ใส่ชื่อบัญชี กรุณาใส่ชื่อบัญชีด้วยค่ะ,
M_REGIST_ACCOUNT_RESULT_101,ID 랑 비밀번호 동일 하게 설정할수 없으니 다시 입력해주세요.,,အကောင့် နဲ့ လျှို့ဝှတ်နံပါတ် တူညီစွာ မသတ်မှတ်နိုင်ပါ။ ထပ်မံ အသစ်ထည့်သွင်းပေးပါ။,ไม่สามารถใช้ชื่อบัญชีนี้ได้ กรุณากรอกตัวเลขและภาษาอังกฤษรวมกันค่ะ,
M_REGIST_ACCOUNT_RESULT_102,이 기기에서 게임 ID를 만들 수 없습니다.,,ဤစက်ပစ္စည်းပေါ်တွင် ဂိမ်း ID နောက်တစ်ခုကို ဖန်တီး၍မရပါ။,ไม่สามารถสร้างไอดีเกมในเครื่องนี้ได้แล้วค่ะ,
M_REGIST_ACCOUNT_RESULT_103,이 계정 이름은 이미 사용 중입니다. 새 계정 이름을 입력하십시오.,,ဤအကောင့်အမည်ကို အသုံးပြုပြီးဖြစ်သည်။ အကောင့်အမည်အသစ်တစ်ခုထည့်ပါ။,ชื่อบัญชีนี้มีการใช้งานอยู่แล้ว กรุณากรอกชื่อบัญชีใหม่ค่ะ,
M_REGIST_ACCOUNT_RESULT_104,이메일을 입력하지 않았습니다. 당신의 이메일 주소를 입력하십시오.,,သင်အီးမေးလ်မထည့်ခဲ့ပါ။ ကျေးဇူးပြု၍ သင့်အီးမေးလ်လိပ်စာကို ထည့်ပါ။,คุณยังไม่ได้ใส่อีเมล์ กรุณากรอกอีเมล์ด้วยค่ะ,
M_REGIST_ACCOUNT_RESULT_105,입력 한 이메일은 이미 사용 중입니다. 이메일 주소를 다시 입력하십시오.,,သင်ထည့်ထားသော အီးမေးလ်ကို အသုံးပြုပြီးဖြစ်သည်။ သင့်အီးမေးလ်လိပ်စာကို ပြန်လည်ထည့်သွင်းပါ။,อีเมล์ที่คุณป้อนได้มีการนำมาใช้งานแล้ว กรุณากรอกอีเมล์ของคุณใหม่ค่ะ,
M_REGIST_ACCOUNT_RESULT_106,아직 비밀번호를 입력하지 않았습니다. 비밀번호를 입력하세요.,,စကားဝှက်မထည့်ရသေးပါ။ စကားဝှက်တစ်ခုထည့်သွင်းပါ။,คุณยังไม่ได้ใส่รหัสผ่าน กรุณากรอกรหัสผ่านด้วยค่ะ,
M_REGIST_ACCOUNT_RESULT_107,게임 적용 정책에 따른 규칙 위반,,ဂိမ်းလျှောက်လွှာမူဝါဒအရ စည်းကမ်းဖောက်ဖျက်ခြင်း။,ผิดกฎต่อนโยบายการสมัครเกมค่ะ,
M_REGIST_ACCOUNT_RESULT_108,이 기계에서 다시 게임 ID를 생성 할 수 없습니다.,,သင့်ဂိမ်း ID ကို ဤစက်တွင် ပြန်ထုတ်၍မရပါ။,คุณไม่สามารถสร้างไอดีเกม จากเครื่องนี้ได้อีกแล้วค่ะ,
M_REGIST_ACCOUNT_RESULT_DEFAULT,M_REGIST_ACCOUNT_RESULT_99이랑 같이 써도 괜찮아 보임,,သင်၏ အကောင့်ဖန်တီးမှု မအောင်မြင်ပါ။ ထပ်စမ်းကြည့်ပါ။,การสมัครสมาชิกเกิดความผิดพลาด กรุณาลองใหม่อีกครั้งค่ะ,
T_EVENT_BTN,,,,อีเว้นท์,
T_STORE_BTN,,,,ร้านค้า,
T_QUEST_BTN,,,,ภารกิจ,
T_RANK_BTN,,,,อันดับ,
T_FREEGOLD_BTN,,,,โกลด์ฟรี,
T_GUIDE_TITLE_BTN,,,,มือ,
T_VIP_BTN,,,,VIP,
T_SAVEGOLD,,,,ยอดสะสม,
T_SAVEGOLD_BTN,,,,ซื้อ,
T_AUTO_TITLE,,,,ตั้งค่าเล่นอัตโนมัติ,
T_VOICE,,,,เลือกเปลี่ยนเสียงระหว่างเกม,
T_VOICEGUIDE,,,,คุณสามารถแก้ไขข้อมูลส่วนตัวได้ทุกเวลาค่ะ,
T_JACKPOT_OPEN,연속으로 2번 승리하여 DOUBLE WIN 보너스를 획득하세요.,,,ชนะติดกันให้ได้ 2 ครั้ง,
T_TIMEBONUSBOX_OPEN,플레이 카운트가 끝나면 골드를 받을 수 있습니다.,,,รับโกลด์ได้หลังจบรอบนี้~,
T_SOUNDSETTING_ON,켜기,ON,,เปิด,Hidup
T_SOUNDSETTING_OFF,끄기,OFF,,ปิด,Mati
T_SOUNDSETTING_TITLE,사운드 설정,Sound Settings,,ตั้งค่าเสียง,Pengaturan Suara
T_SOUNDSETTING_VOICE,보이스,,,เสียงพากย์,
T_SOUNDSETTING_VOICE_STYLE01,스타일01,,,เท่,
T_SOUNDSETTING_VOICE_STYLE02,스타일02,,,เซ็กซี่,
T_SOUNDSETTING_VOICE_STYLE03,스타일03,,,คนแก่,
T_SOUNDSETTING_VOICE_STYLE04,스타일04,,,ตลก,
T_SOUNDSETTING_START,,Confirm,,ตกลง,
T_CONFIRM,,,,ตกลง,
T_AFK_TITLE,,Are you going somewhere?,,ประกาศ,Apakah kamu sedang sibuk?
T_AFK_MSG,,"You have been away for a long time.\nIf you want to keep on using auto-mode, click YES.\nIf you want to turn off auto-mode, click NO.",,คุณได้ลุกขึ้นนานเกินไป ระบบจึงเปลี่ยนเป็นโหมดเล่นอัตโนมัติ จะเล่นโหมดอัตโนมัติต่อไปไหมคะ?,"Kamu telah tidak aktif terlalu lama.\nJika kamu mau tetap menggunakan \nauto-mode, pencet YA.\nJika kamu ingin mematikan auto-mode, pencet TIDAK."
T_LOGINERROR_IDPW,로그인 할 수 없습니다. 아이디 또는 비밀번호를 확인해주세요,You can't login. Please check your account or password.,,ไม่สามารถเข้าสู่ระบบได้คะ กรุณาตรวจสอบชื่อผู้ใช้หรือรหัสผ่านด้วยคะ,
M_PHOTO_DELIBERATION,심의 중 …,under deliberation…,,รอการอนุมัติ…,
M_PHOTO_REJECT,사진 등록 거절,Reject your photo,,รูปโปรไฟล์ถูกปฏิเสธค่ะ,
M_PHOTO_REGIST,사진을 등록 하세요,Please Register your photo.,,อัปโหลดรูปโปรไฟล์,
T_GAME_MIN_ANTE,최소 보유금,min,ရှိုးပြငွေ,น้อยสุด,
T_BIGTWO_MISSION,MISSION,,,โบนัส,
T_BIGTWO_MISSION_BLANK,NO MISSION,,,ไม่มีโบนัส,
T_BIGTWO_HINT,HINT,,,ตัวช่วย,
T_BIGTWO_PLACE,PLACE,,,ลงไพ่,
T_BIGTWO_PASS,PASS,,,ผ่าน,
T_BIGTWO_MISSION_MULTI2,ALL(무조건),,,ทั้งหมด,
T_BIGTWO_MISSION_ONECARD,카드 한 장 등록,,,1 ใบ,
T_BIGTWO_MISSION_PAIR,One Pair,,,1 คู่,
T_BIGTWO_MISSION_TRIPLE,Triple,,,ตอง,
T_BIGTWO_MISSION_STRAIGHT,Straight,,,เรียง,
T_BIGTWO_MISSION_FLUSH,Flush,,,สี,
T_BIGTWO_MISSION_FULLHOUSE,Full Houses,,,ฟูลเฮ้าส์,
T_BIGTWO_MISSION_FOURCARD,Four Of a Kind,,,โฟร์การ์ด,
T_BIGTWO_MISSION_DRAGONSTRAIGHT,DRAGON STRAIGHT,,,ไพ่มังกร,
T_BIGTWO_OPTION,OPTION,,,ตั้งค่า,
T_BIGTWO_NORMAL,NOMAL,,,ทั่วไป,
T_BIGTWO_READY,READY,,,กำลังรอ...,
T_BIGTWO_GET_GOLD_AFTER_COUNT,플레이 카운트가 끝나면 골드를 받을 수 있습니다.,,,รับโกลด์ได้หลังจบรอบนี้~,
T_BIGTWO_BIGGEST_CARD,"상대방의 카드가 1장이 남아, 보유하고 있는 카드 패에서 가장 높은 카드를 내야 합니다.",,,ผู้เล่นท่านอื่นเหลือไพ่ใบสุดท้ายแล้ว ควรลงไพ่ที่สูงที่สุดเพื่อเพิ่มโอกาสชนะค่ะ,
T_BIGTWO_SELECT_SUN,카드를 선택하세요!,,,เลือกไพ่หนึ่งใบค่ะ,
T_BIGTWO_GUIDE_TITLE,,,,GUIDE,
T_13POKER_CANT_CHAT_SETTING_CARDS,카드 조합중에는 채팅할 수 없습니다.,,,ขณะจัดไพ่จะไม่สามารถส่งอีโมติคอน หรือแชตติ้งได้ค่ะ,
GT_DEALERPLAY,,You are the audience in the game Can't apply to be a dealer.,,",คุณเป็นผู้ชมในเกม ไม่สามารถสมัครเป็นเจ้ามือได้ค่ะ",
,,,,,
,골드,Gold,Gold ,,
,포인트,Point ,Point,,
, @count일 이내에 골드를 받아주세요.,Please receive the gold within @count days.,@count ရက်အတွင်းရွှေကိုလက်ခံပါ။,,
,골드를 받은후 @count일 동안 받지 않으면 해당 골드는 사라집니다.,Gold will be disappeared if not received for @count days after receiving gold.,@count ရက်အတွင်း ရရှိထားသော ရွှေများကိုမလက်ခံပါက ရွှေများ ပျောက်ကွယ်သွားမည်ဖြစ်ပါသည်။,,
,,,,,
, @count일 이내에 포인트를 받아주세요.,Please receive points within @count days.,@count ရက်များအတွင်း Point များလက်ခံရယူပါ။,,
,포인트를 받은후 @count일 동안 받지 않으면 해당 포인트는 사라집니다.,Points will be disappeared if not received for @count days after receiving points.,@count ရက်အတွင်း ရရှိထားသော Point များကိုမလက်ခံပါက ရွှေများ ပျောက်ကွယ်သွားမည်ဖြစ်ပါသည်။,,
,,,,,
,,,,,
Mingplay 페이스북 로그인 정지로 인한 대응 관련 텍스트,,,,,
T_LOGIN_TITLE,로그인,Log in,လော့အင်,,
T_FINDPASSWORD_BUTTON,비밀번호 찾기,Forget Password? Click here!,လှို့ဝှက်နံပါတ် ပြန်ရှာရန်,,
T_SIGNUPACCOUNT_BUTTON,회원가입,Sign up,အကောင့်ပြုလုပ်မည်,,
T_FINDPASSWORD_TITLE,비밀번호 초기화,Reset Password ,လှို့ဝှက်နံပါတ် ပြန်ရှာရန်,,
T_FINDPASSWORD_GUIDE_1,아이디와 가입할 때 사용한 이메일을 적어 주세요.,Input your account ID and registered e-mail,အကောင့်ပြုလုပ်စဉ် အသုံးပြုခဲ့သော ID နှင့် အီးမေးလ်ကို ထည့်ပေးပါ။,,
T_FINDPASSWORD_GUIDE_2,새로운 비밀번호가 해당 이메일로 발송됩니다.,New password will be sent to your e-mail,လျှို့ဝှတ်နံပါတ် အသစ်အား အီးမေးလ်သို့ ပေးပို့ပြီးပါပြီ။,,
T_SIGNUP_TITLE,회원가입,Sign up,အကောင့် ပြုလုပ်ခြင်း,,
T_CHANGEPASSWORD_TITLE,비밀번호 변경,Change Password,လှို့ဝှက်နံပါတ် ပြောင်းရန်,,
T_CONFIRM_NEW_PASSWORD,새 비밀번호 확인,Confirm New Password,လှို့ဝှက်နံပါတ် အသစ် ထပ်မံရိုက်ထည့်ပေးပါ။,,
T_SIGNUP_ACCOUNT_GUIDE,정은 영문과 숫자의 조합으로 6~12자 사이여야 합니다. 공백이 허용되지 않습니다.,"Account should be combination of alphabets and number, between 6-12 characters. Spaces not allowed.","အက္ခရာများနှင့် နံပါတ်များ ပေါင်းစပ်ထားပြီး အက္ခရာ 6-12 လုံးကြားရှိရပါမည်။ နေရာလပ်များကို ခွင့်မပြုပါ။","အက္ခရာများနှင့် နံပါတ်များ ပေါင်းစပ်ထားပြီး အက္ခရာ 6-12 လုံးကြားရှိရပါမည်။ နေရာလပ်များကို ခွင့်မပြုပါ။",
T_SIGNUP_PASSWORD_GUIDE,암호는 특수 문자를 포함할 수 있습니다. 길이는 6-12 사이여야 합니다.,"Password can include special characters. The length should be between 6-12",လှို့ဝှက်နံပါတ်တွင် အထူးစာလုံးများ ပါဝင်နိုင်သည်။ အရှည် 6-12 အကြားဖြစ်သင့်သည်။,လှို့ဝှက်နံပါတ်တွင် အထူးစာလုံးများ ပါဝင်နိုင်သည်။ အရှည် 6-12 အကြားဖြစ်သင့်သည်။,
T_SIGNUP_EMAIL_GUIDE,유효한 이메일을 입력하십시오. 이메일은 비밀번호 재설정 시 사용됩니다.,Please enter valid e-mail.  The e-mail will be used in case of resetting password,ကျေးဇူးပြု၍ မှန်ကန်သော အီးမေးလ်ကို ထည့်ပါ။ စကားဝှက်ကို ပြန်လည်ရယူတဲ့အခါတွင် အီးမေးလ်ကို အသုံးပြုပါမည်။,ကျေးဇူးပြု၍ မှန်ကန်သော အီးမေးလ်ကို ထည့်ပါ။ စကားဝှက်ကို ပြန်လည်ရယူတဲ့အခါတွင် အီးမေးလ်ကို အသုံးပြုပါမည်။,
,,,,,
M_REGIST_ACCOUNT_RESULT_101,이 계정 이름은 사용할 수 없습니다. 숫자와 영어를 함께 입력하세요.,,ဤအကောင့်အမည်ကို အသုံးပြု၍မရပါ။ ကျေးဇူးပြု၍ နံပါတ်များနှင့် အင်္ဂလိပ်တို့ကို ပေါင်းထည့်ပါ။,,
,,,,,
T_FACEBOOK_SESSION_EXPIRED,페이스북 세션이 만료되었습니다.,Facebook session has been expired,FB ဆိုင်ရာဆက်သွယ်မှုပြတ်တောက်သွားပါသည်။,,
T_LOGIN_POLICY_REQUIRE_AGREE,(필수) 개인 정보 정책,(Required) Privacy Policy,(လိုအပ်သည်) ကိုယ်ရေးကိုယ်တာမူဝါဒ,(จำเป็น) นโยบายคุ้มครองข้อมูลส่วนบุคคล,
T_LOGIN_POLICY_OPTION_AGREE,(선택) 이벤트 Push 수신 동의,(Optional) Agree to receive event push,(‌‌ရွေးချယ်မည်) လက်ခံရန် သဘောတူသည်။,(ทางเลือก) ตกลงที่จะยอมรับข้อความเกี่ยวกับข่าวสารและกิจกรรม,
T_LOGIN_POLICY_AGREE_ALL,전체 선택,Select All,အကုန်ရွေးချယ်မည်,ยอมรับทั้งหมด,
T_LOGIN_POLICY_GAMESTART,게임 시작,Starting Game,ဂိမ်းစတင်မည်,เริ่มเกม,
T_LOGIN_POLICY_ALARM_CAUTION1,이벤트 Push 수신 동의를 하지 않으면 누구보다 빠르게 다양한 이벤트 소식을 확인 할 수 없습니다.,"If you do not agree to receive event push,you will not be able to check various event news faster than anyone else.",အစီအစဉ် Pushကို လက်ခံရယူရန် သဘောမတူပါက၊ အမျိုးမျိုးသော ပွဲသတင်းများကို အခြားသူများထက် ပိုမိုမြန်ဆန်စွာ စစ်ဆေးနိုင်မည်မဟုတ်ပါ။,"หากคุณไม่ยอมรับข้อความข่าวสารกิจกรรม, คุณจะพลาดการอัปเดทเกี่ยวกับกิจกรรมต่างๆ รวมถึงข่าวสารล่าสุด","หากคุณไม่ยอมรับข้อความข่าวสารกิจกรรม, คุณจะพลาดการอัปเดทเกี่ยวกับกิจกรรมต่างๆ รวมถึงข่าวสารล่าสุด"
T_LOGIN_POLICY_ALARM_CAUTION2,게임을 시작 하시 겠습니까?,Would you like to start the game?,ဂိမ်းကို စတင်လိုပါသလား။,คุณต้องการที่จะเริ่มเกมทันทีหรือไม่?,คุณต้องการที่จะเริ่มเกมทันทีหรือไม่?
T_LOGIN_POLICY_TITLE,개인정보 정책,Privacy Policy,ကိုယ်ရေးကိုယ်တာမူဝါဒ,นโยบายคุ้มครองข้อมูลส่วนบุคคล,